Formula,Lock
C3H4O3N,102.019669
C5H9O3,117.05572
C7H5O2,121.029505
C5H5O4,129.019335
C6H9O3,129.05572
C5H7O4,131.034985
C6H11O3,131.07137
C7H5O3,137.02442
C6H4O3N,138.019669
C6H7O4,143.034985
C7H11O3,143.07137
C6H9O4,145.050635
C7H13O3,145.08702
C5H10O4N,148.061534
C8H7O3,151.04007
C8H11O3,155.07137
C8H13O3,157.08702
C9H17O2,157.123405
C8H5O4,165.019335
C9H11O3,167.07137
C9H13O3,169.08702
C8H11O4,171.066285
C9H15O3,171.10267
C10H19O2,171.139055
C7H9O5,173.04555
C8H13O4,173.081935
C7H11O5,175.0612
C9H11O4,183.066285
C9H13O4,185.081935
C8H11O5,187.0612
C9H15O4,187.097585
C6H12O6N,194.067014
C10H13O4,197.081935
C9H11O5,199.0612
C10H15O4,199.097585
C9H13O5,201.07685
C10H17O4,201.113235
C11H15O4,211.097585
C10H13O5,213.07685
C10H15O5,215.0925
C11H19O4,215.128885
C12H13O4,221.081935
C11H13O5,225.07685
C12H19O4,227.128885
C12H15O5,239.0925
C13H19O4,239.128885
C12H17O5,241.10815
C14H21O4,253.144535
C16H31O2,255.232955
C11H15O7,259.08233
C12H25O4S,265.147907
C14H21O5,269.13945
C18H35O2,283.264255
