Formula,Lock
C3H4O3N,102.019119
C5H9O3,117.05517
C7H5O2,121.028955
C5H5O4,129.018785
C6H9O3,129.05517
C5H7O4,131.034435
C6H11O3,131.07082
C7H5O3,137.02387
C6H4O3N,138.019119
C6H7O4,143.034435
C7H11O3,143.07082
C6H9O4,145.050085
C7H13O3,145.08647
C5H10O4N,148.060984
C8H7O3,151.03952
C8H11O3,155.07082
C8H13O3,157.08647
C9H17O2,157.122855
C8H5O4,165.018785
C9H11O3,167.07082
C9H13O3,169.08647
C8H11O4,171.065735
C9H15O3,171.10212
C10H19O2,171.138505
C7H9O5,173.045
C8H13O4,173.081385
C7H11O5,175.06065
C9H11O4,183.065735
C9H13O4,185.081385
C8H11O5,187.06065
C9H15O4,187.097035
C6H12O6N,194.066464
C10H13O4,197.081385
C9H11O5,199.06065
C10H15O4,199.097035
C9H13O5,201.0763
C10H17O4,201.112685
C11H15O4,211.097035
C10H13O5,213.0763
C10H15O5,215.09195
C11H19O4,215.128335
C12H13O4,221.081385
C11H13O5,225.0763
C12H19O4,227.128335
C12H15O5,239.09195
C13H19O4,239.128335
C12H17O5,241.1076
C14H21O4,253.143985
C16H31O2,255.232405
C11H15O7,259.08178
C12H25O4S,265.147357
C14H21O5,269.1389
C18H35O2,283.263705
C14H21O7,301.12873
C14H19O8,315.107995
C15H23O7,315.14438
C15H21O8,329.123645
